fit_time,score_time,test_score,train_score
0.0017764568328857422,0.0012278556823730469,0.4419642857142857,0.4402234636871508
0.0008893013000488281,0.0010139942169189453,0.4375,0.441340782122905
0.0009067058563232422,0.0010962486267089844,0.4375,0.441340782122905
0.0008432865142822266,0.0009810924530029297,0.4419642857142857,0.4402234636871508
0.0008032321929931641,0.0009505748748779297,0.4439461883408072,0.43973214285714285
