fit_time,score_time,test_score,train_score
0.001775979995727539,0.0013318061828613281,0.4419642857142857,0.4402234636871508
0.0013737678527832031,0.002858400344848633,0.4375,0.441340782122905
0.0013213157653808594,0.0016486644744873047,0.4375,0.441340782122905
0.0010104179382324219,0.0013637542724609375,0.4419642857142857,0.4402234636871508
0.0009827613830566406,0.001171112060546875,0.4439461883408072,0.43973214285714285
