fit_time,score_time,test_score,train_score
0.0,0.0010004043579101562,0.4419642857142857,0.4402234636871508
0.0,0.00099945068359375,0.4375,0.441340782122905
0.0009911060333251953,0.0,0.4375,0.441340782122905
0.00099945068359375,0.0,0.4419642857142857,0.4402234636871508
0.0009996891021728516,0.0,0.4439461883408072,0.43973214285714285
